City_ID,City,Country,Date,Lat,Lng,Max Temp,Humidity,Cloudiness,Wind Speed
0,Busselton,AU,2020-04-24 03:09:33,-33.65,115.33,70.0,51,26,12.44
1,Hilo,US,2020-04-24 03:08:44,19.73,-155.09,80.6,57,40,9.17
2,Upernavik,GL,2020-04-24 03:09:33,72.79,-56.15,24.8,97,3,7.78
3,Albany,US,2020-04-24 03:05:46,42.6,-73.97,44.6,45,75,6.93
4,Rikitea,PF,2020-04-24 03:09:34,-23.12,-134.97,76.01,77,24,12.17
5,Saint-Philippe,RE,2020-04-24 03:09:34,-21.36,55.77,75.2,88,20,10.29
6,Agdas,AZ,2020-04-24 03:09:35,40.65,47.48,41.0,93,90,4.7
7,Paamiut,GL,2020-04-24 03:09:35,61.99,-49.67,35.22,86,82,6.08
8,Hobart,AU,2020-04-24 03:09:35,-42.88,147.33,63.0,42,75,17.22
9,Chokurdakh,RU,2020-04-24 03:09:35,70.63,147.92,25.74,96,0,7.96
10,Bluff,NZ,2020-04-24 03:09:35,-46.6,168.33,60.01,63,90,7.0
11,Amahai,ID,2020-04-24 03:09:36,-3.33,128.92,87.57,63,13,3.87
12,Suntar,RU,2020-04-24 03:09:36,62.14,117.63,36.14,82,100,4.63
13,Korla,CN,2020-04-24 03:09:25,41.76,86.15,68.16,14,0,7.54
14,Mataura,NZ,2020-04-24 03:09:36,-46.19,168.86,60.01,63,73,7.0
15,Serenje,ZM,2020-04-24 03:09:36,-13.23,30.24,54.14,63,2,4.45
16,Kui Buri,TH,2020-04-24 03:09:37,12.08,99.85,87.8,62,20,5.82
17,Jamestown,US,2020-04-24 03:09:37,42.1,-79.24,50.0,61,40,4.7
18,Airai,TL,2020-04-24 03:09:37,-8.93,125.41,71.58,49,87,4.99
19,Alice Springs,AU,2020-04-24 03:09:37,-23.7,133.88,89.6,21,1,16.11
20,Saskylakh,RU,2020-04-24 03:09:37,71.92,114.08,25.92,97,100,11.59
21,Shenjiamen,CN,2020-04-24 03:09:38,29.96,122.3,58.71,66,0,5.86
22,Arraial Do Cabo,BR,2020-04-24 03:09:38,-22.97,-42.03,74.1,68,14,6.6
23,Tasiilaq,GL,2020-04-24 03:09:38,65.61,-37.64,37.4,95,28,2.24
24,Port Alfred,ZA,2020-04-24 03:09:38,-33.59,26.89,63.0,95,100,1.99
25,Gorom-Gorom,BF,2020-04-24 03:09:38,14.44,-0.24,87.6,13,63,4.0
26,Kapaa,US,2020-04-24 03:09:39,22.08,-159.32,80.6,69,40,11.41
27,Mitsamiouli,KM,2020-04-24 03:09:39,-11.38,43.28,82.18,70,17,2.95
28,Kafr Sawm,JO,2020-04-24 03:09:39,32.68,35.8,54.21,75,44,3.15
29,Chaohu,CN,2020-04-24 03:09:39,31.6,117.87,68.0,42,10,11.18
30,Sitka,US,2020-04-24 03:09:39,57.05,-135.33,46.4,75,90,9.17
31,Puerto Ayora,EC,2020-04-24 03:09:17,-0.74,-90.35,79.0,84,94,5.01
32,Padang,ID,2020-04-24 03:09:40,-0.95,100.35,88.7,55,76,1.16
33,Sambava,MG,2020-04-24 03:09:40,-14.27,50.17,74.12,83,61,7.43
34,Mahebourg,MU,2020-04-24 03:09:40,-20.41,57.7,75.99,89,46,7.0
35,Uribia,CO,2020-04-24 03:09:40,11.71,-72.27,80.24,72,24,17.96
36,Alofi,NU,2020-04-24 03:09:41,-19.06,-169.92,87.8,70,40,8.05
37,Port Moresby,PG,2020-04-24 03:09:41,-9.44,147.18,86.0,74,40,13.87
38,Atuona,PF,2020-04-24 03:09:41,-9.8,-139.03,82.09,69,0,13.13
39,Tatawin,TN,2020-04-24 03:09:41,32.93,10.45,55.4,82,0,2.24
40,Barrow,US,2020-04-24 03:09:41,71.29,-156.79,21.2,92,90,4.7
41,Nikolskoye,RU,2020-04-24 03:09:41,59.7,30.79,35.6,80,100,4.47
42,Banda Aceh,ID,2020-04-24 03:09:42,5.56,95.32,83.97,70,93,3.11
43,Svetlogorsk,BY,2020-04-24 03:09:42,52.63,29.73,40.33,85,36,7.76
44,Carnarvon,AU,2020-04-24 03:09:43,-24.87,113.63,78.8,69,0,18.34
45,Saldanha,ZA,2020-04-24 03:09:43,-33.01,17.94,64.4,68,100,3.36
46,Nantucket,US,2020-04-24 03:09:43,41.28,-70.1,44.6,69,40,10.29
47,Caernarfon,GB,2020-04-24 03:09:44,53.14,-4.27,52.0,87,33,3.36
48,Hermanus,ZA,2020-04-24 03:09:44,-34.42,19.23,60.01,81,78,9.53
49,Merrill,US,2020-04-24 03:09:44,45.18,-89.68,39.2,88,90,8.05
50,Lagoa,PT,2020-04-24 03:09:44,39.05,-27.98,59.49,82,100,7.2
51,Berlevag,NO,2020-04-24 03:09:45,70.86,29.09,28.51,95,100,30.02
52,Thompson,CA,2020-04-24 03:09:45,55.74,-97.86,37.4,74,90,4.7
53,Severo-Kurilsk,RU,2020-04-24 03:09:45,50.68,156.12,33.73,92,100,7.43
54,Ostrovnoy,RU,2020-04-24 03:09:45,68.05,39.51,27.55,97,100,22.53
55,Faya,SA,2020-04-24 03:09:45,18.39,42.45,60.8,54,7,1.32
56,Baykit,RU,2020-04-24 03:09:46,61.67,96.37,45.21,70,100,6.64
57,Cassia,BR,2020-04-24 03:09:46,-20.58,-46.92,64.26,73,0,2.06
58,Lebu,CL,2020-04-24 03:09:46,-37.62,-73.65,55.4,88,100,15.05
59,Diffa,NE,2020-04-24 03:09:46,13.32,12.61,82.96,13,0,9.01
60,Mahina,PF,2020-04-24 03:09:46,-17.51,-149.49,87.8,52,22,5.82
61,Ribeira Grande,PT,2020-04-24 03:09:47,38.52,-28.7,59.74,76,94,6.02
62,Antibes,FR,2020-04-24 03:09:47,43.56,7.13,60.01,54,0,10.29
63,Tuatapere,NZ,2020-04-24 03:09:47,-46.13,167.68,60.01,63,90,7.0
64,Lapua,FI,2020-04-24 03:09:47,62.97,23.01,39.0,89,75,8.05
65,Ushuaia,AR,2020-04-24 03:09:47,-54.8,-68.3,39.2,80,40,27.51
66,Punta Arenas,CL,2020-04-24 03:09:48,-53.15,-70.92,37.4,69,40,8.05
67,Sabang,ID,2020-04-24 03:09:48,5.89,95.32,84.92,70,98,4.36
68,Fez,MA,2020-04-24 03:08:12,34.04,-5.0,57.2,82,10,2.24
69,Oro Valley,US,2020-04-24 03:09:48,32.39,-110.97,84.2,13,1,10.29
70,Jasper,US,2020-04-24 03:09:49,37.2,-94.35,61.0,82,1,3.36
71,Qaanaaq,GL,2020-04-24 03:09:49,77.48,-69.36,10.99,90,58,3.18
72,Puteyets,RU,2020-04-24 03:09:49,65.17,57.09,22.37,96,100,8.19
73,Kalmunai,LK,2020-04-24 03:09:49,7.42,81.82,83.39,77,100,6.93
74,Yellowknife,CA,2020-04-24 03:09:49,62.46,-114.35,26.6,63,75,5.82
75,Kontagora,NG,2020-04-24 03:09:49,10.4,5.47,81.59,60,68,7.36
76,San Patricio,MX,2020-04-24 03:09:50,19.22,-104.7,73.6,70,47,1.77
77,Mandalgovi,MN,2020-04-24 03:08:03,45.76,106.27,58.32,17,23,17.07
78,Novyy Urengoy,RU,2020-04-24 03:07:43,66.08,76.63,26.4,95,42,11.14
79,Coron,PH,2020-04-24 03:09:50,12.0,120.2,87.94,60,95,13.89
80,Ketchikan,US,2020-04-24 03:09:03,55.34,-131.65,48.2,76,90,18.34
81,Cape Town,ZA,2020-04-24 03:06:26,-33.93,18.42,62.01,82,99,5.82
82,Avarua,CK,2020-04-24 03:09:51,-21.21,-159.78,82.4,74,75,8.05
83,Iqaluit,CA,2020-04-24 03:07:28,63.75,-68.51,28.4,68,90,9.17
84,Porosozero,RU,2020-04-24 03:09:51,62.72,32.73,27.79,96,100,4.09
85,Mufulira,ZM,2020-04-24 03:09:51,-12.55,28.24,53.55,65,17,3.83
86,Lorengau,PG,2020-04-24 03:09:52,-2.02,147.27,84.87,72,29,5.75
87,Hofn,IS,2020-04-24 03:09:52,64.25,-15.21,38.95,76,99,1.57
88,Castro,BR,2020-04-24 03:09:52,-24.79,-50.01,53.15,72,2,4.54
89,Touros,BR,2020-04-24 03:09:52,-5.2,-35.46,77.0,94,40,3.36
90,San Andres,CO,2020-04-24 03:09:52,12.58,-81.7,82.4,78,75,4.7
91,Mwene-Ditu,CD,2020-04-24 03:09:53,-7.0,23.45,64.65,74,63,3.42
92,Port Elizabeth,ZA,2020-04-24 03:09:53,-33.92,25.57,59.0,93,100,3.36
93,Georgetown,MY,2020-04-24 03:09:53,5.41,100.34,86.0,78,20,4.7
94,Parkes,AU,2020-04-24 03:09:53,-33.13,148.18,75.0,47,24,1.01
95,Dano,BF,2020-04-24 03:09:54,11.15,-3.07,85.62,46,85,7.47
96,Iskateley,RU,2020-04-24 03:09:54,67.68,53.15,23.49,97,86,17.31
97,Atherton,GB,2020-04-24 03:09:54,53.52,-2.49,46.0,87,95,1.12
98,Broceni,LV,2020-04-24 03:09:54,56.7,22.53,36.45,80,98,2.93
99,Saint-Augustin,CA,2020-04-24 03:09:54,51.23,-58.65,27.09,95,96,14.83
100,Save,BJ,2020-04-24 03:09:55,8.04,2.49,77.09,80,92,5.61
101,Buchanan,LR,2020-04-24 03:09:55,5.88,-10.05,73.4,94,75,5.1
102,Torbay,CA,2020-04-24 03:05:14,47.67,-52.73,35.01,94,90,12.75
103,Pasvalys,LT,2020-04-24 03:09:55,56.06,24.4,35.6,86,84,8.05
104,Aklavik,CA,2020-04-24 03:09:55,68.22,-135.01,5.0,54,40,10.29
105,Hasaki,JP,2020-04-24 03:09:55,35.73,140.83,61.0,58,75,10.29
106,Bongor,TD,2020-04-24 03:09:56,10.28,15.37,87.44,26,81,2.71
107,Bredasdorp,ZA,2020-04-24 03:09:01,-34.53,20.04,48.2,87,96,1.12
108,Bay Roberts,CA,2020-04-24 03:09:56,47.6,-53.26,35.01,74,70,3.0
109,Honiara,SB,2020-04-24 03:09:56,-9.43,159.95,87.8,74,20,4.7
110,Vaitape,PF,2020-04-24 03:09:56,-16.52,-151.75,81.57,70,8,16.15
111,Barra Do Garcas,BR,2020-04-24 03:09:57,-15.89,-52.26,70.93,82,60,1.61
112,Asau,RO,2020-04-24 03:09:57,46.43,26.4,42.01,57,33,3.69
113,Husavik,IS,2020-04-24 03:09:57,66.04,-17.34,35.6,75,46,10.29
114,Verkhnyaya Inta,RU,2020-04-24 03:09:57,65.98,60.31,22.06,95,100,18.21
115,Ixtapa,MX,2020-04-24 03:09:58,20.7,-105.2,75.2,78,40,5.82
116,Virginia Beach,US,2020-04-24 03:09:58,36.85,-75.98,66.99,77,90,8.05
117,Chicama,PE,2020-04-24 03:09:58,-7.84,-79.15,71.53,67,10,5.19
118,Belaya Gora,RU,2020-04-24 03:09:58,68.53,146.42,27.79,94,0,1.95
119,Oktyabrskoye,RU,2020-04-24 03:09:59,43.06,44.74,35.6,80,0,11.18
120,Geraldton,AU,2020-04-24 03:07:01,-28.77,114.6,73.4,56,40,16.11
121,Muros,ES,2020-04-24 03:09:59,42.78,-9.06,48.99,91,37,4.65
122,Sioux Lookout,CA,2020-04-24 03:09:59,50.1,-91.92,42.8,60,40,4.7
123,Butaritari,KI,2020-04-24 03:09:59,3.07,172.79,83.7,76,100,15.52
124,Nanortalik,GL,2020-04-24 03:10:00,60.14,-45.24,37.89,77,100,19.55
125,Vyatskiye Polyany,RU,2020-04-24 03:10:00,56.23,51.07,29.55,88,28,8.9
126,Portland,US,2020-04-24 03:09:52,45.52,-122.68,59.0,67,1,4.7
127,Bengkulu,ID,2020-04-24 03:10:00,-3.8,102.27,87.22,62,98,1.28
128,Yar-Sale,RU,2020-04-24 03:10:00,66.83,70.83,23.07,93,100,18.34
129,Acapulco,MX,2020-04-24 03:10:01,16.86,-99.89,78.8,88,20,6.93
130,Souillac,MU,2020-04-24 03:10:01,-20.52,57.52,75.99,89,66,7.0
131,Okha,RU,2020-04-24 03:08:46,53.57,142.95,30.52,97,100,18.01
132,Mount Gambier,AU,2020-04-24 03:10:01,-37.83,140.77,60.8,72,90,12.75
133,Santa Maria,BR,2020-04-24 03:10:01,-29.68,-53.81,65.66,64,1,6.53
134,Aswan,EG,2020-04-24 03:10:02,24.09,32.91,74.37,18,0,8.1
135,Kaitangata,NZ,2020-04-24 03:10:02,-46.28,169.85,57.63,61,91,6.71
136,Hay River,CA,2020-04-24 03:10:02,60.82,-115.8,26.6,79,75,8.05
137,Vaini,TO,2020-04-24 03:10:02,-21.2,-175.2,80.6,88,75,10.29
138,Conceicao Do Araguaia,BR,2020-04-24 03:10:03,-8.26,-49.26,73.71,86,55,1.95
139,Chabahar,IR,2020-04-24 03:10:03,25.29,60.64,81.88,54,3,11.83
140,Makushino,RU,2020-04-24 03:10:03,55.21,67.24,42.08,60,89,9.91
141,Grand Gaube,MU,2020-04-24 03:10:03,-20.01,57.66,75.99,89,14,7.0
142,Bubaque,GW,2020-04-24 03:10:04,11.28,-15.83,76.15,70,86,13.22
143,Hamilton,US,2020-04-24 03:06:53,39.18,-84.53,55.0,93,90,5.57
144,Lauchhammer,DE,2020-04-24 03:10:04,51.5,13.8,43.0,75,89,3.36
145,Selikhino,RU,2020-04-24 03:10:04,50.37,137.5,36.66,72,100,10.31
146,Ancud,CL,2020-04-24 03:10:04,-41.87,-73.82,53.01,100,75,9.17
147,Waitati,NZ,2020-04-24 03:10:04,-45.75,170.57,57.99,66,49,8.99
148,Nizwa,OM,2020-04-24 03:10:05,22.93,57.53,81.39,29,63,1.95
149,Tuktoyaktuk,CA,2020-04-24 03:10:05,69.45,-133.04,-0.4,70,20,9.17
150,Itoman,JP,2020-04-24 03:10:05,26.12,127.67,66.2,55,75,16.11
151,Mantua,IT,2020-04-24 03:10:05,45.17,10.78,46.99,75,0,2.24
152,Nouakchott,MR,2020-04-24 03:08:19,18.09,-15.98,64.4,88,64,14.99
153,Las Palmas,ES,2020-04-24 03:10:06,28.42,-14.01,64.4,72,75,12.75
154,Cidreira,BR,2020-04-24 03:10:06,-30.18,-50.21,68.59,83,0,16.24
155,Masterton,NZ,2020-04-24 03:10:06,-40.96,175.66,66.99,66,1,4.0
156,Bethel,US,2020-04-24 03:10:06,41.37,-73.41,44.01,48,90,3.36
157,Defiance,US,2020-04-24 03:10:06,41.33,-84.45,46.4,75,90,8.05
158,Kodiak,US,2020-04-24 03:10:07,57.79,-152.41,42.8,87,90,13.87
159,Gat,IL,2020-04-24 03:10:07,31.61,34.76,61.0,77,19,1.99
160,Broken Hill,AU,2020-04-24 03:10:07,-31.95,141.43,69.8,60,0,8.05
161,Mosquera,CO,2020-04-24 03:08:52,4.71,-74.23,51.8,93,40,5.82
162,Shepsi,RU,2020-04-24 03:10:07,44.04,39.15,47.55,66,0,5.14
163,Brownsville,US,2020-04-24 03:10:08,25.9,-97.5,78.8,83,1,9.17
164,Khatanga,RU,2020-04-24 03:10:08,71.97,102.5,33.85,90,47,16.26
165,Bilibino,RU,2020-04-24 03:10:08,68.05,166.44,31.15,83,0,1.39
166,Sur,OM,2020-04-24 03:05:55,22.57,59.53,86.23,39,58,6.87
167,Bossier City,US,2020-04-24 03:10:08,32.52,-93.73,68.0,72,1,2.93
168,Sao Filipe,CV,2020-04-24 03:10:09,14.9,-24.5,70.38,75,96,16.08
169,Arang,IN,2020-04-24 03:10:09,21.2,81.97,80.6,74,0,3.36
170,Quelimane,MZ,2020-04-24 03:10:09,-17.88,36.89,73.4,94,75,3.36
171,Vila Velha,BR,2020-04-24 03:10:09,-20.33,-40.29,72.0,94,1,3.36
172,Shache,CN,2020-04-24 03:10:09,38.42,77.24,66.45,25,22,7.85
173,Puerto Colombia,CO,2020-04-24 03:10:10,10.99,-74.95,82.4,78,97,12.75
174,Prainha,BR,2020-04-24 03:10:10,-1.8,-53.48,73.33,93,86,2.1
175,Coihaique,CL,2020-04-24 03:10:10,-45.58,-72.07,48.2,87,92,6.93
176,Malindi,KE,2020-04-24 03:10:10,-3.22,40.12,79.39,82,95,13.71
177,Dikson,RU,2020-04-24 03:10:11,73.51,80.55,34.0,92,100,19.86
178,Ilulissat,GL,2020-04-24 03:07:48,69.22,-51.1,28.4,92,9,5.82
179,Horconcitos,PA,2020-04-24 03:10:11,8.47,-81.8,68.22,76,94,4.43
180,High Level,CA,2020-04-24 03:10:11,58.52,-117.14,44.6,70,75,3.36
181,Veraval,IN,2020-04-24 03:10:12,20.9,70.37,84.58,70,9,11.39
182,Pevek,RU,2020-04-24 03:10:12,69.7,170.31,25.66,88,0,4.16
183,Carballo,ES,2020-04-24 03:10:12,43.21,-8.69,55.99,93,90,1.9
184,Dali,CN,2020-04-24 03:10:12,25.7,100.18,66.94,25,100,2.48
185,Mbini,GQ,2020-04-24 03:10:12,1.57,9.61,78.8,100,40,2.24
186,Baruun-Urt,MN,2020-04-24 03:10:12,46.68,113.28,48.88,29,61,24.34
187,Ternate,ID,2020-04-24 03:10:13,0.8,127.4,86.77,65,0,4.97
188,Isangel,VU,2020-04-24 03:10:13,-19.55,169.27,80.6,78,75,6.93
189,Rundu,NA,2020-04-24 03:10:13,-17.93,19.77,57.2,71,0,1.12
190,Mehamn,NO,2020-04-24 03:10:13,71.04,27.85,27.5,95,100,27.42
191,Calvia,ES,2020-04-24 03:10:14,39.57,2.51,52.0,87,86,4.7
192,Anloga,GH,2020-04-24 03:10:14,5.79,0.9,80.6,88,20,4.7
193,Monte Santo De Minas,BR,2020-04-24 03:09:07,-21.19,-46.98,61.36,72,0,4.09
194,Awjilah,LY,2020-04-24 03:10:14,29.11,21.29,62.73,79,0,21.68
195,Evensk,RU,2020-04-24 03:10:14,61.95,159.23,31.64,94,0,14.07
196,Pisco,PE,2020-04-24 03:10:14,-13.7,-76.22,69.8,77,0,10.29
197,Maniitsoq,GL,2020-04-24 03:10:15,65.42,-52.9,35.37,84,6,3.87
198,Tiksi,RU,2020-04-24 03:10:15,71.69,128.87,23.09,94,87,2.53
199,Fairbanks,US,2020-04-24 03:06:51,64.84,-147.72,43.0,38,1,5.82
200,Macklin,CA,2020-04-24 03:10:15,52.33,-109.93,48.76,39,26,5.7
201,Santa Isabel Do Rio Negro,BR,2020-04-24 03:10:16,-0.41,-65.02,74.25,83,66,1.45
202,Moron,AR,2020-04-24 03:10:16,-34.65,-58.62,72.0,83,100,11.41
203,Sao Miguel Do Araguaia,BR,2020-04-24 03:10:16,-13.28,-50.16,71.78,82,79,1.12
204,East London,ZA,2020-04-24 03:10:17,-33.02,27.91,69.01,83,98,4.0
205,Lublin,PL,2020-04-24 03:10:17,51.0,23.0,39.2,69,22,6.93
206,Chenghai,CN,2020-04-24 03:10:17,23.46,116.77,68.0,72,90,4.47
207,Majene,ID,2020-04-24 03:10:17,-3.54,118.97,85.23,69,100,6.24
208,New Norfolk,AU,2020-04-24 03:10:17,-42.78,147.06,63.0,66,99,8.99
209,Rosetown,CA,2020-04-24 03:10:17,51.55,-108.0,48.0,47,2,6.67
210,San Cristobal,VE,2020-04-24 03:10:18,7.77,-72.22,84.2,70,40,2.24
211,Asyut,EG,2020-04-24 03:10:18,27.18,31.18,68.0,34,0,12.75
212,Sorland,NO,2020-04-24 03:10:18,67.67,12.69,39.49,84,86,14.74
213,Miri,MY,2020-04-24 03:10:18,4.41,114.01,82.4,88,75,4.7
214,Faanui,PF,2020-04-24 03:10:18,-16.48,-151.75,80.74,70,8,16.15
215,Provideniya,RU,2020-04-24 03:10:19,64.38,-173.3,30.2,68,0,15.66
216,Vardo,NO,2020-04-24 03:10:19,70.37,31.11,26.6,73,75,13.87
217,Toamasina,MG,2020-04-24 03:10:19,-18.17,49.38,71.6,100,75,9.17
218,Hithadhoo,MV,2020-04-24 03:10:19,-0.6,73.08,84.11,73,100,8.61
219,Vila Franca Do Campo,PT,2020-04-24 03:10:19,37.72,-25.43,60.8,77,20,6.93
220,Mnogovershinnyy,RU,2020-04-24 03:10:20,53.94,139.92,28.02,94,100,15.19
221,Eureka,US,2020-04-24 03:07:11,40.8,-124.16,55.0,93,90,5.06
222,Kayerkan,RU,2020-04-24 03:10:20,69.35,87.76,35.6,100,40,13.42
223,Bintulu,MY,2020-04-24 03:10:21,3.17,113.03,82.4,88,75,3.36
224,Carndonagh,IE,2020-04-24 03:10:21,55.25,-7.27,46.35,75,100,3.58
225,Along,IN,2020-04-24 03:07:05,28.17,94.77,66.79,57,100,2.17
226,Dawlatabad,AF,2020-04-24 03:10:22,36.41,64.91,69.13,48,100,9.84
227,Tornio,FI,2020-04-24 03:10:22,65.85,24.15,30.2,86,90,12.75
228,Pangai,TO,2020-04-24 03:10:22,-19.8,-174.35,84.2,70,40,5.82
229,Alihe,CN,2020-04-24 03:10:22,50.57,123.72,45.12,43,99,7.52
230,Punto Fijo,VE,2020-04-24 03:10:22,11.7,-70.2,78.76,79,57,22.37
231,Sampit,ID,2020-04-24 03:10:23,-2.53,112.95,89.46,60,54,3.27
232,Sartell,US,2020-04-24 03:10:23,45.62,-94.21,53.6,58,90,3.36
233,Orlik,RU,2020-04-24 03:10:23,52.52,99.83,54.34,22,1,4.43
234,Alugan,PH,2020-04-24 03:10:24,12.22,125.48,83.82,74,100,10.51
235,Ishurdi,BD,2020-04-24 03:10:24,24.13,89.08,79.83,63,85,9.89
236,Samarai,PG,2020-04-24 03:10:24,-10.62,150.67,83.53,70,76,8.25
237,Vostok,RU,2020-04-24 03:10:24,46.49,135.88,33.84,67,100,5.5
238,Chuy,UY,2020-04-24 03:10:25,-33.7,-53.46,65.21,91,36,11.7
239,Rongcheng,CN,2020-04-24 03:10:25,30.63,117.85,66.0,59,1,4.59
240,Anqing,CN,2020-04-24 03:10:25,30.51,117.05,71.56,37,1,7.31
241,Kenai,US,2020-04-24 03:10:25,60.55,-151.26,42.8,87,90,5.82
242,Havoysund,NO,2020-04-24 03:10:26,71.0,24.66,30.2,63,75,39.15
243,Den Helder,NL,2020-04-24 03:10:26,52.96,4.76,52.0,81,90,6.93
244,Mackay,AU,2020-04-24 03:10:26,-21.15,149.2,82.99,54,4,12.75
245,Dongli,CN,2020-04-24 03:10:26,23.57,116.82,68.0,72,90,4.47
246,Paraiso,CR,2020-04-24 03:10:27,9.84,-83.87,73.4,83,75,4.7
247,Ocampo,MX,2020-04-24 03:10:27,21.65,-101.5,64.62,10,31,3.02
248,Ardakan,IR,2020-04-24 03:07:06,32.31,54.02,60.8,63,0,6.93
249,Longyearbyen,SJ,2020-04-24 03:10:27,78.22,15.64,15.8,61,0,3.36
250,Beringovskiy,RU,2020-04-24 03:10:27,63.05,179.32,21.11,94,6,10.22
251,Barra Patuca,HN,2020-04-24 03:10:28,15.8,-84.28,81.64,75,31,21.54
252,Kankan,GN,2020-04-24 03:10:28,10.39,-9.31,75.22,74,99,3.69
253,Comodoro Rivadavia,AR,2020-04-24 03:10:28,-45.87,-67.5,57.2,62,31,12.75
254,Saint-Leu,RE,2020-04-24 03:10:28,-21.15,55.28,75.2,88,20,10.29
255,Dalvik,IS,2020-04-24 03:10:29,65.97,-18.53,33.8,86,13,9.17
256,Ust-Nera,RU,2020-04-24 03:10:29,64.57,143.2,27.64,80,100,2.62
257,Desaguadero,PE,2020-04-24 03:10:29,-16.57,-69.04,44.11,25,5,0.31
258,Banjar,ID,2020-04-24 03:10:29,-8.19,114.97,86.0,84,20,13.87
259,Dagana,MR,2020-04-24 03:10:29,16.52,-15.51,65.08,76,28,11.61
260,Avera,US,2020-04-24 03:10:30,33.19,-82.53,62.6,91,90,3.36
261,Tokur,RU,2020-04-24 03:10:30,53.13,132.9,29.16,71,100,7.58
262,Samfya,ZM,2020-04-24 03:10:30,-11.36,29.56,55.85,63,0,3.71
263,Ucluelet,CA,2020-04-24 03:07:19,48.93,-125.55,48.99,85,93,1.01
264,Camacupa,AO,2020-04-24 03:10:30,-12.02,17.48,54.12,55,66,3.13
265,Norman Wells,CA,2020-04-24 03:10:31,65.28,-126.83,17.6,61,90,17.22
266,Nemuro,JP,2020-04-24 03:10:31,43.32,145.57,44.6,42,75,6.93
267,Gazanjyk,TM,2020-04-24 03:10:31,39.24,55.52,55.74,65,98,4.74
268,Turukhansk,RU,2020-04-24 03:10:31,65.82,87.98,44.08,74,55,13.71
269,Yakeshi,CN,2020-04-24 03:10:31,49.28,120.73,39.4,58,100,12.64
270,Morondava,MG,2020-04-24 03:10:31,-20.28,44.28,74.46,82,6,4.68
271,Tingo Maria,PE,2020-04-24 03:10:32,-9.29,-76.01,72.01,63,73,1.14
272,Gweta,BW,2020-04-24 03:10:32,-20.18,25.23,63.3,41,0,11.16
273,Mar Del Plata,AR,2020-04-24 03:10:32,-38.0,-57.56,63.0,93,75,9.17
274,Valleyview,CA,2020-04-24 03:10:32,55.07,-117.29,44.06,56,97,4.65
275,Sekovici,BA,2020-04-24 03:10:32,44.3,18.85,40.46,69,0,1.81
276,Hambantota,LK,2020-04-24 03:10:33,6.12,81.12,83.55,75,63,5.53
277,Drayton Valley,CA,2020-04-24 03:06:20,53.22,-114.99,42.94,44,45,8.84
278,Banes,CU,2020-04-24 03:10:33,20.96,-75.72,78.8,78,0,8.05
279,Elko,US,2020-04-24 03:10:33,41.0,-115.5,60.8,23,1,17.22
280,Plettenberg Bay,ZA,2020-04-24 03:10:20,-34.05,23.37,60.85,80,100,3.13
281,Mendoza,AR,2020-04-24 03:10:34,-32.89,-68.83,64.4,68,12,3.36
282,Pointe-Noire,CG,2020-04-24 03:10:34,-4.78,11.86,79.2,89,72,4.43
283,Pacific Grove,US,2020-04-24 03:10:34,36.62,-121.92,66.2,48,1,9.17
284,Honningsvag,NO,2020-04-24 03:10:34,70.98,25.97,29.77,95,100,28.61
285,Sisimiut,GL,2020-04-24 03:10:34,66.94,-53.67,34.0,89,6,2.98
286,Maraa,BR,2020-04-24 03:10:34,-1.83,-65.37,74.55,90,64,1.7
287,Pangnirtung,CA,2020-04-24 03:10:35,66.15,-65.71,23.02,89,100,3.67
288,San Severo,IT,2020-04-24 03:10:35,41.69,15.38,46.4,81,5,4.7
289,Ponta Do Sol,PT,2020-04-24 03:10:35,32.67,-17.1,60.8,63,20,9.17
290,Tawau,MY,2020-04-24 03:10:36,4.25,117.89,84.2,83,20,1.12
291,Alappuzha,IN,2020-04-24 03:10:36,9.49,76.33,85.53,76,93,5.14
292,Vestmannaeyjar,IS,2020-04-24 03:10:36,63.44,-20.27,45.01,89,33,22.21
293,Esperance,AU,2020-04-24 03:10:36,-33.87,121.9,71.6,60,75,9.17
294,Murray Bridge,AU,2020-04-24 03:10:36,-35.12,139.27,68.0,67,30,5.01
295,Nagua,DO,2020-04-24 03:10:37,19.38,-69.85,76.3,88,15,8.08
296,Aripuana,BR,2020-04-24 03:10:37,-9.17,-60.63,73.92,92,63,1.5
297,Rabak,SD,2020-04-24 03:10:37,13.18,32.74,76.42,13,22,5.95
298,Taoudenni,ML,2020-04-24 03:10:37,22.68,-3.98,84.61,13,0,7.72
299,Umm Lajj,SA,2020-04-24 03:10:37,25.02,37.27,72.93,67,0,2.06
300,Inongo,CD,2020-04-24 03:10:38,-1.95,18.27,73.38,76,2,1.7
301,Bongandanga,CD,2020-04-24 03:10:38,1.5,21.05,72.16,85,91,0.69
302,Port Hawkesbury,CA,2020-04-24 03:10:38,45.62,-61.35,37.0,59,1,10.29
303,Sinnamary,GF,2020-04-24 03:10:38,5.38,-52.95,78.67,82,79,12.8
304,Teya,RU,2020-04-24 03:10:39,60.38,92.63,55.33,70,100,7.29
305,Cherskiy,RU,2020-04-24 03:10:39,68.75,161.3,31.98,97,100,6.6
306,Kuragino,RU,2020-04-24 03:10:39,53.9,92.67,65.59,33,100,3.83
307,Port Lincoln,AU,2020-04-24 03:10:39,-34.73,135.87,66.58,61,21,3.49
308,Walvis Bay,NA,2020-04-24 03:10:39,-22.96,14.51,60.8,82,1,4.7
309,Yerofey Pavlovich,RU,2020-04-24 03:10:40,53.97,121.97,45.37,43,91,11.16
310,Beira,MZ,2020-04-24 03:10:40,-19.84,34.84,73.4,94,20,5.82
311,Shimoda,JP,2020-04-24 03:10:40,34.67,138.95,59.0,54,20,10.29
312,Egvekinot,RU,2020-04-24 03:10:40,66.32,-179.17,25.25,93,9,5.5
313,Alpena,US,2020-04-24 03:07:11,45.06,-83.43,36.0,69,90,4.7
314,Oda,JP,2020-04-24 03:10:40,35.18,132.5,53.6,46,75,25.28
315,Karaton,ID,2020-04-24 03:10:41,-6.34,106.1,87.8,66,40,9.17
316,Sayyan,YE,2020-04-24 03:10:41,15.17,44.32,60.03,36,95,1.63
317,Eydhafushi,MV,2020-04-24 03:10:41,5.1,73.07,84.96,71,100,6.46
318,Flin Flon,CA,2020-04-24 03:10:41,54.77,-101.86,33.21,86,90,4.56
319,Leiyang,CN,2020-04-24 03:10:42,26.4,112.86,63.14,66,100,2.86
320,Victoria,HK,2020-04-24 03:08:10,22.29,114.16,68.0,77,40,3.36
321,Auki,SB,2020-04-24 03:10:42,-8.77,160.7,83.17,74,93,6.98
322,Paita,PE,2020-04-24 03:10:42,-5.09,-81.11,72.07,73,0,10.49
323,San Carlos De Bariloche,AR,2020-04-24 03:10:42,-41.15,-71.31,50.0,71,75,14.99
324,Te Anau,NZ,2020-04-24 03:10:43,-45.42,167.72,53.96,60,98,8.72
325,Goderich,CA,2020-04-24 03:10:43,43.75,-81.72,43.0,40,100,10.27
326,Macatuba,BR,2020-04-24 03:09:35,-22.5,-48.71,66.2,82,0,11.41
327,Ust-Barguzin,RU,2020-04-24 03:10:43,53.45,108.98,42.51,51,5,5.7
328,Dhana,IN,2020-04-24 03:10:43,23.75,78.85,87.64,21,7,6.82
329,Atraulia,IN,2020-04-24 03:10:43,26.33,82.95,88.14,28,28,6.42
330,Rio Gallegos,AR,2020-04-24 03:10:44,-51.62,-69.22,39.2,80,40,10.29
331,Moyale,KE,2020-04-24 03:10:44,3.52,39.06,65.16,71,43,2.33
332,Barsovo,RU,2020-04-24 03:10:44,61.17,73.17,35.6,100,75,8.95
333,Tupik,RU,2020-04-24 03:10:44,54.43,119.93,41.59,51,89,11.54
334,Cap-Aux-Meules,CA,2020-04-24 03:10:44,47.38,-61.86,32.0,95,75,14.99
335,Kaka,TM,2020-04-24 03:10:45,37.35,59.61,63.48,57,53,11.36
336,Nanhai,CN,2020-04-24 03:10:45,30.13,111.78,71.29,39,75,1.36
337,Saint George,US,2020-04-24 03:07:13,37.1,-113.58,80.6,18,1,5.82
338,The Valley,AI,2020-04-24 03:10:45,18.22,-63.06,80.6,69,40,12.75
339,Mandera,KE,2020-04-24 03:10:45,3.94,41.87,74.35,78,100,11.32
340,Yamada,JP,2020-04-24 03:10:46,39.47,141.95,51.01,47,85,11.12
341,Port Hardy,CA,2020-04-24 03:10:46,50.7,-127.42,51.8,81,75,5.82
342,Otradnoye,RU,2020-04-24 03:10:46,59.78,30.82,35.6,80,100,4.47
343,Blind River,CA,2020-04-24 03:10:46,46.18,-82.96,35.6,74,90,13.87
344,Morgan City,US,2020-04-24 03:10:46,29.7,-91.21,71.6,94,1,4.03
345,Yulara,AU,2020-04-24 03:10:47,-25.24,130.99,91.4,19,37,8.05
346,Prado,BR,2020-04-24 03:10:25,-17.34,-39.22,73.99,81,87,9.4
347,Wangkui,CN,2020-04-24 03:10:47,46.83,126.5,46.8,44,100,5.01
348,Iquitos,PE,2020-04-24 03:10:47,-3.75,-73.25,77.0,94,85,2.24
349,Aquiraz,BR,2020-04-24 03:10:47,-3.9,-38.39,77.0,88,75,3.36
350,Yarada,IN,2020-04-24 03:10:47,17.65,83.27,86.0,74,20,9.17
351,Outram,MY,2020-04-24 03:10:48,1.28,103.84,91.0,70,75,3.36
352,Dwarka,IN,2020-04-24 03:10:48,22.24,68.97,82.09,78,18,12.33
353,Moree,AU,2020-04-24 03:10:48,-29.47,149.85,77.0,29,0,5.82
354,Olavarria,AR,2020-04-24 03:10:48,-36.89,-60.32,64.99,93,90,10.29
355,Vestmanna,FO,2020-04-24 03:10:49,62.16,-7.17,39.2,93,97,1.12
356,Khuzhir,RU,2020-04-24 03:10:49,53.19,107.34,38.84,60,0,3.96
357,Kilakarai,IN,2020-04-24 03:10:49,9.23,78.78,87.4,68,93,8.59
358,Tunduma,TZ,2020-04-24 03:09:05,-9.3,32.77,53.35,63,73,2.48
359,Katsuura,JP,2020-04-24 03:10:49,35.13,140.3,59.0,68,75,3.36
360,Darovskoy,RU,2020-04-24 03:10:49,58.77,47.96,25.36,93,90,6.67
361,Fukue,JP,2020-04-24 03:10:50,32.69,128.84,55.4,47,20,14.99
362,Marzuq,YE,2020-04-24 03:10:50,14.4,46.47,73.15,35,11,3.56
363,Port-Gentil,GA,2020-04-24 03:10:50,-0.72,8.78,80.31,86,100,7.83
364,Kahului,US,2020-04-24 03:09:40,20.89,-156.47,82.4,51,40,17.22
365,Miles City,US,2020-04-24 03:06:50,46.41,-105.84,55.4,50,90,9.17
366,Tiarei,PF,2020-04-24 03:10:51,-17.53,-149.33,87.8,52,18,5.82
367,Matamoros,MX,2020-04-24 03:10:51,25.53,-103.25,86.0,9,20,3.11
368,Ahipara,NZ,2020-04-24 03:10:51,-35.17,173.17,66.25,72,2,11.92
369,Pampas,PE,2020-04-24 03:10:51,-12.4,-74.9,47.08,32,58,2.06
370,Lewiston,US,2020-04-24 03:10:52,44.1,-70.21,36.0,43,1,3.36
371,Skibbereen,IE,2020-04-24 03:10:52,51.55,-9.27,51.8,66,75,1.12
372,Impfondo,CG,2020-04-24 03:10:52,1.64,18.07,73.65,80,72,0.98
373,Kavieng,PG,2020-04-24 03:10:52,-2.57,150.8,84.34,68,58,2.91
374,Porto Velho,BR,2020-04-24 03:10:52,-8.76,-63.9,75.2,94,75,3.36
375,Zunyi,CN,2020-04-24 03:10:52,27.69,106.91,49.12,62,100,3.24
376,Poya,NC,2020-04-24 03:10:53,-21.35,165.15,79.41,64,15,10.27
377,Yatou,CN,2020-04-24 03:10:53,37.15,122.38,56.39,37,0,19.57
378,Danielskuil,ZA,2020-04-24 03:10:53,-28.19,23.54,60.01,35,9,6.38
379,Sibu,MY,2020-04-24 03:10:53,2.3,111.82,84.2,74,75,5.82
380,Camacha,PT,2020-04-24 03:10:53,33.08,-16.33,60.8,67,40,13.87
381,Dunedin,NZ,2020-04-24 03:10:54,-45.87,170.5,57.99,66,38,8.99
382,Marawi,PH,2020-04-24 03:10:54,8.0,124.29,84.0,80,92,7.0
383,Talnakh,RU,2020-04-24 03:10:54,69.49,88.4,35.6,100,40,13.42
384,Meulaboh,ID,2020-04-24 03:10:54,4.14,96.13,85.6,66,100,1.81
385,Lida,BY,2020-04-24 03:10:54,53.88,25.3,37.18,86,38,8.28
386,Fortuna,US,2020-04-24 03:07:27,40.6,-124.16,55.0,100,90,9.17
387,Nizhnevartovsk,RU,2020-04-24 03:10:55,60.93,76.55,44.6,65,40,20.13
388,Ferkessedougou,CI,2020-04-24 03:10:55,9.6,-5.2,75.58,73,90,7.02
389,Zhangjiakou,CN,2020-04-24 03:10:55,40.81,114.88,63.57,17,0,29.24
390,Denpasar,ID,2020-04-24 03:07:55,-8.65,115.22,86.0,84,20,13.87
391,Takoradi,GH,2020-04-24 03:10:56,4.88,-1.76,80.04,86,61,5.59
392,Buraydah,SA,2020-04-24 03:10:56,26.33,43.98,68.0,68,0,3.36
393,Codrington,AU,2020-04-24 03:10:56,-38.27,141.97,60.42,69,93,14.45
394,Irtyshskiy,RU,2020-04-24 03:10:56,58.33,68.13,38.98,72,69,12.86
395,Bloemfontein,ZA,2020-04-24 03:06:15,-29.12,26.21,55.4,87,91,5.82
396,Usinsk,RU,2020-04-24 03:10:56,65.99,57.53,22.1,96,99,16.51
397,Kieta,PG,2020-04-24 03:10:57,-6.22,155.63,83.7,74,39,4.07
398,Viedma,AR,2020-04-24 03:10:57,-40.81,-63.0,62.1,89,98,10.25
399,Trairi,BR,2020-04-24 03:10:57,-3.28,-39.27,78.08,84,91,2.59
400,Allanridge,ZA,2020-04-24 03:10:57,-27.75,26.64,54.0,89,0,4.47
401,Lanzhou,CN,2020-04-24 03:10:58,36.06,103.79,48.2,9,68,4.47
402,Mercedes,AR,2020-04-24 03:10:58,-34.65,-59.43,70.0,70,100,3.0
403,Misratah,LY,2020-04-24 03:10:58,32.38,15.09,62.1,86,1,9.64
404,Edmonton,CA,2020-04-24 03:10:58,53.55,-113.47,53.6,39,75,8.05
405,Lakes Entrance,AU,2020-04-24 03:10:58,-37.88,147.98,73.99,55,12,1.99
406,Basco,PH,2020-04-24 03:08:03,20.45,121.97,77.07,85,61,23.42
407,Sarahan,IN,2020-04-24 03:10:59,31.52,77.8,55.0,16,0,5.28
408,Bukama,CD,2020-04-24 03:10:59,-9.2,25.85,64.67,69,24,2.13
409,Hami,CN,2020-04-24 03:10:59,42.8,93.45,68.07,11,0,7.07
410,Shubarkuduk,KZ,2020-04-24 03:11:00,49.14,56.49,38.8,65,12,11.54
411,Sterling,US,2020-04-24 03:11:00,39.01,-77.43,54.0,93,90,5.82
412,Kozani,GR,2020-04-24 03:11:00,40.3,21.79,37.4,93,91,4.7
413,Kiruna,SE,2020-04-24 03:11:00,67.86,20.23,26.6,100,100,2.39
414,Mahibadhoo,MV,2020-04-24 03:11:01,3.78,72.97,83.95,69,100,3.62
415,Olafsvik,IS,2020-04-24 03:11:01,64.89,-23.71,42.93,86,99,13.33
416,Bafoulabe,ML,2020-04-24 03:11:01,13.81,-10.83,89.1,17,100,2.1
417,Bambous Virieux,MU,2020-04-24 03:11:01,-20.34,57.76,75.99,89,37,7.0
418,Nome,US,2020-04-24 03:08:19,64.5,-165.41,35.6,64,1,13.87
419,Kondinskoye,RU,2020-04-24 03:11:02,59.65,67.41,37.26,76,98,9.55
420,Dillon,US,2020-04-24 03:11:02,34.42,-79.37,64.99,100,90,11.41
421,Gisborne,NZ,2020-04-24 03:11:02,-38.65,178.0,64.94,61,100,5.59
422,Makokou,GA,2020-04-24 03:11:02,0.57,12.86,70.18,83,19,0.49
423,Nuuk,GL,2020-04-24 03:11:02,64.18,-51.72,37.4,93,2,1.12
424,Narsaq,GL,2020-04-24 03:11:03,60.92,-46.05,35.6,80,98,1.12
425,Svetlyy,RU,2020-04-24 03:11:03,54.67,20.13,42.8,87,100,2.24
426,Goma,CD,2020-04-24 03:11:03,-1.68,29.22,62.73,51,88,0.81
427,Iquique,CL,2020-04-24 03:11:03,-20.22,-70.14,68.0,60,90,4.7
428,Port Hedland,AU,2020-04-24 03:11:03,-20.32,118.57,95.0,50,1,9.17
429,Sept-Iles,CA,2020-04-24 03:11:04,50.2,-66.38,28.99,73,40,13.87
430,Aleksandrov Gay,RU,2020-04-24 03:11:04,50.15,48.57,41.49,65,63,19.91
431,Sokoto,NG,2020-04-24 03:11:04,13.06,5.24,83.79,35,54,4.74
432,Kruisfontein,ZA,2020-04-24 03:11:05,-34.0,24.73,58.17,79,100,1.41
433,Madang,PG,2020-04-24 03:11:05,-5.22,145.8,85.08,73,31,3.15
434,Port Macquarie,AU,2020-04-24 03:11:05,-31.43,152.92,80.01,42,0,3.0
435,Maykor,RU,2020-04-24 03:11:05,59.01,55.88,25.68,92,81,4.25
436,Kichera,RU,2020-04-24 03:11:06,55.94,110.1,41.65,51,0,4.61
437,Cockburn Town,TC,2020-04-24 03:11:06,21.46,-71.14,79.32,82,0,22.46
438,Oyon,PE,2020-04-24 03:10:27,-10.67,-76.77,45.16,28,71,1.05
439,Kimberley,ZA,2020-04-24 03:11:06,-28.73,24.76,55.4,93,20,4.7
440,Dryden,CA,2020-04-24 03:11:06,49.78,-92.75,42.8,60,1,8.05
441,Megion,RU,2020-04-24 03:11:07,61.03,76.11,44.6,65,40,20.13
442,Sheridan,US,2020-04-24 03:09:24,44.83,-106.92,46.4,70,20,12.75
443,Murgab,TM,2020-04-24 03:11:07,37.5,61.97,64.4,55,90,16.11
444,Jackson,US,2020-04-24 03:11:01,42.42,-122.83,69.8,32,1,4.03
445,Eloy,US,2020-04-24 03:11:08,32.76,-111.55,87.8,14,1,5.82
446,Eenhana,NA,2020-04-24 03:11:08,-17.47,16.33,59.07,41,0,5.3
447,Puerto Del Rosario,ES,2020-04-24 03:11:08,28.5,-13.86,64.4,72,75,12.75
448,Isiolo,KE,2020-04-24 03:11:08,0.35,37.58,69.62,55,100,0.4
449,Fare,PF,2020-04-24 03:11:08,-16.7,-151.02,81.82,69,37,16.02
450,Hvolsvollur,IS,2020-04-24 03:11:09,63.75,-20.22,39.0,88,30,7.0
451,Xai-Xai,MZ,2020-04-24 03:11:09,-25.05,33.64,69.82,83,23,3.06
452,Mujiayingzi,CN,2020-04-24 03:11:09,42.12,118.78,61.38,23,35,27.36
453,Yuanping,CN,2020-04-24 03:11:09,38.72,112.76,61.2,16,0,18.57
454,Vallenar,CL,2020-04-24 03:11:09,-28.57,-70.76,57.94,57,100,1.97
455,Waddan,LY,2020-04-24 03:11:10,29.16,16.14,58.86,78,11,7.34
456,Hof,DE,2020-04-24 03:11:10,50.32,11.92,45.0,54,57,3.0
457,Bom Jesus,BR,2020-04-24 03:11:10,-9.07,-44.36,71.42,81,1,0.78
458,Ormara,PK,2020-04-24 03:11:11,25.21,64.64,80.96,72,26,15.61
459,Greensburg,US,2020-04-24 03:09:26,40.3,-79.54,51.01,93,75,4.65
460,Gazli,UZ,2020-04-24 03:11:11,40.13,63.45,72.03,33,100,10.63
461,Srednekolymsk,RU,2020-04-24 03:11:11,67.45,153.68,31.01,97,100,2.19
462,Lata,PT,2020-04-24 03:11:12,40.16,-8.33,55.99,94,90,2.73
463,Havre-Saint-Pierre,CA,2020-04-24 03:11:12,50.23,-63.6,30.2,80,90,24.16
464,Manado,ID,2020-04-24 03:11:12,1.49,124.85,89.6,62,40,4.7
465,Genhe,CN,2020-04-24 03:11:12,50.78,121.52,45.03,38,99,10.25
466,Pahrump,US,2020-04-24 03:06:40,36.21,-115.98,79.0,19,2,1.01
467,Grand-Santi,GF,2020-04-24 03:11:13,4.25,-54.38,72.32,95,100,2.01
468,Vilyuysk,RU,2020-04-24 03:11:13,63.76,121.62,35.15,82,89,4.34
469,Camana,PE,2020-04-24 03:08:12,-16.62,-72.71,68.45,70,2,7.05
470,Belle Glade,US,2020-04-24 03:11:13,26.68,-80.67,80.01,81,97,1.99
471,Ranau,MY,2020-04-24 03:11:13,5.95,116.66,89.6,70,20,5.82
472,Drumnadrochit,GB,2020-04-24 03:11:14,57.33,-4.48,37.0,100,14,0.29
473,Klaksvik,FO,2020-04-24 03:11:14,62.23,-6.59,39.2,93,100,1.12
474,Brookhaven,US,2020-04-24 03:11:14,31.58,-90.44,68.0,82,1,3.36
475,Sao Joao Da Barra,BR,2020-04-24 03:11:14,-21.64,-41.05,71.06,74,2,2.95
476,Pangody,RU,2020-04-24 03:11:15,65.85,74.49,28.08,91,100,14.94
477,Bereda,ES,2020-04-24 03:11:15,43.27,-7.54,55.99,100,19,1.48
478,Cayenne,GF,2020-04-24 03:11:15,4.93,-52.33,78.8,83,90,4.7
479,Carnduff,CA,2020-04-24 03:11:16,49.17,-101.8,50.38,54,47,5.03
480,Sharan,RU,2020-04-24 03:11:16,54.82,54.0,28.26,92,24,9.4
481,Hobyo,SO,2020-04-24 03:11:16,5.35,48.53,83.48,73,87,6.91
482,Itaituba,BR,2020-04-24 03:11:16,-4.28,-55.98,74.79,95,73,1.03
483,Ilhabela,BR,2020-04-24 03:11:17,-23.78,-45.36,72.09,79,48,6.26
484,Lasa,IT,2020-04-24 03:11:17,46.62,10.7,44.01,64,0,2.04
485,Santa Cruz Del Sur,CU,2020-04-24 03:11:17,20.71,-78.0,80.76,73,20,5.97
486,Cabatuan,PH,2020-04-24 03:11:17,10.88,122.49,90.1,55,69,12.77
487,Tessalit,ML,2020-04-24 03:11:17,20.2,1.01,79.7,14,3,11.5
488,Zhigansk,RU,2020-04-24 03:11:18,66.77,123.37,31.3,98,72,8.34
489,Terney,RU,2020-04-24 03:11:18,45.05,136.61,45.34,53,100,6.29
490,Cabo San Lucas,MX,2020-04-24 03:08:16,22.89,-109.91,77.0,36,5,11.41
491,Sedan,FR,2020-04-24 03:11:19,49.67,5.0,53.01,67,83,2.28
492,Spencer,US,2020-04-24 03:11:19,43.14,-95.14,64.4,45,1,17.22
493,Jadu,LY,2020-04-24 03:11:19,31.95,12.03,52.11,69,1,1.77
494,Santa Rosa De Aguan,HN,2020-04-24 03:11:20,15.95,-85.72,83.64,72,16,16.64
495,Swellendam,ZA,2020-04-24 03:11:20,-34.02,20.44,46.4,93,98,2.46
496,Tome,CL,2020-04-24 03:11:20,-36.62,-72.95,53.6,93,75,9.17
497,Summerville,US,2020-04-24 03:07:25,33.02,-80.18,66.99,100,90,4.7
498,Inuvik,CA,2020-04-24 03:11:21,68.35,-133.72,5.0,54,40,10.29
499,Broome,US,2020-04-24 03:11:21,42.25,-75.83,42.01,69,20,6.93
500,El Paso,US,2020-04-24 03:09:19,31.76,-106.49,80.6,12,1,14.99
501,Lamu,KE,2020-04-24 03:11:21,-2.27,40.9,81.64,80,90,14.94
502,Nador,MA,2020-04-24 03:11:22,35.17,-2.93,62.6,88,90,4.7
503,Kismayo,SO,2020-04-24 03:11:22,-0.36,42.55,81.64,80,100,10.02
504,Borovskoy,KZ,2020-04-24 03:11:22,53.8,64.15,38.79,65,20,7.78
505,Naryan-Mar,RU,2020-04-24 03:11:23,67.67,53.09,23.59,97,87,17.29
506,Envira,BR,2020-04-24 03:11:23,-7.3,-70.22,73.15,91,87,1.45
507,Bilma,NE,2020-04-24 03:11:23,18.69,12.92,81.21,13,0,5.28
508,Makakilo City,US,2020-04-24 03:11:23,21.35,-158.09,82.4,54,1,12.75
509,Karlshus,NO,2020-04-24 03:11:24,59.35,10.87,48.99,56,67,9.17
510,Snezhnogorsk,RU,2020-04-24 03:11:24,69.19,33.25,24.8,92,75,6.71
511,Ambulu,ID,2020-04-24 03:11:24,-8.35,113.61,85.35,63,100,4.76
512,Le Port,RE,2020-04-24 03:11:25,-20.94,55.29,73.4,88,40,12.75
513,Lokosovo,RU,2020-04-24 03:11:25,61.13,74.82,40.6,80,100,11.27
514,Copiapo,CL,2020-04-24 03:11:25,-27.37,-70.33,59.0,77,60,4.7
515,Namtsy,RU,2020-04-24 03:07:47,62.72,129.67,44.6,28,28,4.47
516,Qostanay,KZ,2020-04-24 03:11:26,53.17,63.58,37.4,64,37,8.95
517,West Bay,KY,2020-04-24 03:11:26,19.37,-81.42,82.99,77,8,1.01
518,Ainazi,LV,2020-04-24 03:11:26,57.86,24.36,39.94,80,62,11.56
519,Itarema,BR,2020-04-24 03:11:27,-2.92,-39.92,77.0,87,90,3.44
520,Kavaratti,IN,2020-04-24 03:11:27,10.57,72.64,85.84,65,83,9.1
521,Tabas,IR,2020-04-24 03:11:27,33.6,56.92,68.0,56,0,4.7
522,Rosarito,MX,2020-04-24 03:11:27,32.33,-117.03,70.0,72,1,5.39
523,Tahoua,NE,2020-04-24 03:11:28,14.89,5.27,86.0,16,56,7.47
524,Francisco Beltrao,BR,2020-04-24 03:11:28,-26.08,-53.05,58.05,62,0,2.06
525,Two Rivers,US,2020-04-24 03:11:28,44.15,-87.57,39.0,93,90,8.05
526,Grosseto,IT,2020-04-24 03:11:08,42.83,11.25,60.01,75,0,4.23
527,Soe,ID,2020-04-24 03:11:28,-9.86,124.28,78.06,56,53,13.29
528,Seydisehir,TR,2020-04-24 03:11:29,37.42,31.85,42.48,44,100,4.92
529,Gimli,CA,2020-04-24 03:07:02,50.63,-96.99,43.0,63,17,8.59
530,La Roche-Sur-Yon,FR,2020-04-24 03:11:29,46.67,-1.43,55.99,100,75,1.3
531,Sergeyevka,KZ,2020-04-24 03:11:29,53.88,67.42,45.5,64,100,9.82
532,Fairview,US,2020-04-24 03:11:29,40.81,-74.0,46.4,56,90,5.68
533,Ikom,NG,2020-04-24 03:11:30,5.97,8.71,75.83,91,100,2.77
534,Moerai,PF,2020-04-24 03:11:30,-22.43,-151.33,77.58,67,19,11.74
535,Namibe,AO,2020-04-24 03:11:30,-15.2,12.15,74.59,68,0,7.14
536,Inhambane,MZ,2020-04-24 03:11:30,-23.86,35.38,72.59,79,8,10.13
537,Bandarbeyla,SO,2020-04-24 03:11:31,9.49,50.81,82.24,74,13,7.14
538,Ola,RU,2020-04-24 03:11:31,59.58,151.28,33.66,88,100,21.65
539,Miandoab,IR,2020-04-24 03:11:31,36.97,46.1,51.8,81,75,4.7
540,Linguere,SN,2020-04-24 03:11:31,15.4,-15.12,70.02,52,58,15.77
541,Lingao,CN,2020-04-24 03:11:32,19.91,109.69,72.59,83,100,16.96
542,Ixtacomitan,MX,2020-04-24 03:11:32,17.42,-93.1,85.64,42,4,7.72
543,Peleduy,RU,2020-04-24 03:11:32,59.63,112.74,37.17,84,100,0.29
544,Windhoek,NA,2020-04-24 03:10:26,-22.56,17.08,59.0,54,77,4.7
545,Damolog,PH,2020-04-24 03:11:33,10.77,124.0,87.8,66,40,9.17
546,Belmonte,BR,2020-04-24 03:11:33,-15.86,-38.88,71.6,83,40,4.7
547,Udachnyy,RU,2020-04-24 03:11:33,66.42,112.4,39.2,51,100,4.47
548,Tarakan,ID,2020-04-24 03:11:34,3.3,117.63,82.47,77,83,6.76
549,Vitim,RU,2020-04-24 03:11:34,59.45,112.56,36.68,86,100,0.63
550,Lesosibirsk,RU,2020-04-24 03:11:34,58.24,92.48,64.27,57,100,7.18
551,Contamana,PE,2020-04-24 03:11:34,-7.33,-75.02,76.32,76,57,1.66
552,Tiznit,MA,2020-04-24 03:11:35,29.58,-9.5,57.31,71,48,3.62
553,Orneta,PL,2020-04-24 03:11:35,54.11,20.13,44.49,65,100,7.92
554,Livingstone,ZM,2020-04-24 03:11:35,-17.84,25.85,61.14,52,38,5.01
555,Xiamen,CN,2020-04-24 03:11:35,24.48,118.08,64.4,63,90,11.18
556,Malakal,SS,2020-04-24 03:11:36,9.53,31.66,79.27,13,84,2.62
557,Atambua,ID,2020-04-24 03:11:36,-9.11,124.89,83.57,59,79,4.21
558,Punta Alta,AR,2020-04-24 03:11:36,-38.88,-62.07,66.13,86,100,12.86
559,Vila,PT,2020-04-24 03:11:37,42.03,-8.16,51.01,91,61,1.01
560,Sistranda,NO,2020-04-24 03:11:37,63.73,8.83,41.0,86,75,11.41
561,Yurgamysh,RU,2020-04-24 03:11:37,55.37,64.47,37.63,67,0,8.81
562,Flinders,AU,2020-04-24 03:11:37,-34.58,150.86,82.0,42,0,1.99
563,Kisangani,CD,2020-04-24 03:11:38,0.52,25.2,70.79,79,12,2.89
564,Rumilly,FR,2020-04-24 03:11:38,45.87,5.95,54.0,87,16,5.82
565,Ilheus,BR,2020-04-24 03:11:38,-14.79,-39.05,77.0,78,20,9.17
566,Yarkovo,RU,2020-04-24 03:11:38,57.4,67.08,38.62,70,0,12.01
567,Dongsheng,CN,2020-04-24 03:11:38,39.82,109.98,53.44,16,0,24.29
568,Kalabagh,PK,2020-04-24 03:11:39,32.97,71.56,84.09,28,0,2.42
569,Los Llanos De Aridane,ES,2020-04-24 03:11:39,28.66,-17.92,62.6,72,40,9.17
570,Thomaston,US,2020-04-24 03:11:39,32.89,-84.33,62.6,93,90,13.87
571,Tocopilla,CL,2020-04-24 03:11:39,-22.09,-70.2,69.85,38,16,3.83
572,Ust-Maya,RU,2020-04-24 03:11:39,60.42,134.53,35.83,73,100,3.11
573,Bairiki,KI,2020-04-24 03:11:40,1.33,172.98,87.8,74,20,13.87
574,Trelew,AR,2020-04-24 03:11:40,-43.25,-65.31,61.59,61,98,10.11
